realm,organism,tax_id,kit
bacteria,Abiotrophia defectiva,46125,CZID
bacteria,Achromobacter xylosoxidans,85698,CZID
bacteria,Acinetobacter baumannii,470,CZID
bacteria,Actinomadura madurae,1993,CZID
bacteria,Actinomadura pelletieri,111805,CZID
bacteria,Actinomyces gerencseriae,52769,CZID
bacteria,Actinomyces israelii,1659,CZID
bacteria,Actinotignum schaalii,59505,CZID
bacteria,Aerococcus sanguinicola,119206,CZID
bacteria,Aerococcus urinae,1376,CZID
bacteria,Aeromonas caviae,648,CZID
bacteria,Aeromonas hydrophila,644,CZID
bacteria,Aeromonas veronii,654,CZID
bacteria,Aggregatibacter actinomycetemcomitans,714,CZID
bacteria,Aggregatibacter aphrophilus,732,CZID
bacteria,Agrobacterium tumefaciens,358,CZID
bacteria,Aliarcobacter butzleri,28197,CZID
bacteria,Anaerococcus prevotii,33034,CZID
bacteria,Anaplasma phagocytophilum,948,CZID
bacteria,Arcanobacterium haemolyticum,28264,CZID
bacteria,Bacillus anthracis,1392,CZID
bacteria,Bacillus cereus,1396,CZID
bacteria,Bacillus licheniformis,1402,CZID
bacteria,Bartonella bacilliformis,774,CZID
bacteria,Bartonella clarridgeiae,56426,CZID
bacteria,Bartonella elizabethae,807,CZID
bacteria,Bartonella grahamii,33045,CZID
bacteria,Bartonella henselae,38323,CZID
bacteria,Bartonella quintana,803,CZID
bacteria,Bordetella bronchiseptica,518,CZID
bacteria,Bordetella parapertussis,519,CZID
bacteria,Bordetella pertussis,520,CZID
bacteria,Borrelia duttonii,40834,CZID
bacteria,Borrelia hermsii,140,CZID
bacteria,Borrelia miyamotoi,47466,CZID
bacteria,Borrelia parkeri,141,CZID
bacteria,Borrelia recurrentis,44449,CZID
bacteria,Borrelia turicatae,142,CZID
bacteria,Borreliella burgdorferi,139,CZID
bacteria,Borreliella mayonii,1674146,CZID
bacteria,Brachyspira hyodysenteriae,159,CZID
bacteria,Brevibacillus brevis,1393,CZID
bacteria,Brucella abortus,235,CZID
bacteria,Brucella canis,36855,CZID
bacteria,Brucella melitensis,29459,CZID
bacteria,Brucella suis,29461,CZID
bacteria,Burkholderia cenocepacia,95486,CZID
bacteria,Burkholderia cepacia,292,CZID
bacteria,Burkholderia mallei,13373,CZID
bacteria,Burkholderia pseudomallei,28450,CZID
bacteria,Campylobacter coli,195,CZID
bacteria,Campylobacter curvus,200,CZID
bacteria,Campylobacter fetus,196,CZID
bacteria,Campylobacter jejuni,197,CZID
bacteria,Campylobacter lari,201,CZID
bacteria,Cardiobacterium hominis,2718,CZID
bacteria,Chlamydia pneumoniae,83558,CZID
bacteria,Chlamydia psittaci,83554,CZID
bacteria,Chlamydia trachomatis,813,CZID
bacteria,Citrobacter freundii,546,CZID
bacteria,Clostridioides difficile,1496,CZID
bacteria,Clostridium botulinum,1491,CZID
bacteria,Clostridium perfringens,1502,CZID
bacteria,Clostridium septicum,1504,CZID
bacteria,Clostridium tetani,1513,CZID
bacteria,Corynebacterium diphtheriae,1717,CZID
bacteria,Corynebacterium minutissimum,38301,CZID
bacteria,Corynebacterium striatum,43770,CZID
bacteria,Corynebacterium ulcerans,65058,CZID
bacteria,Coxiella burnetii,777,CZID
bacteria,Cronobacter sakazakii,28141,CZID
bacteria,Cronobacter turicensis,413502,CZID
bacteria,Edwardsiella tarda,636,CZID
bacteria,Ehrlichia chaffeensis,945,CZID
bacteria,Ehrlichia ewingii,947,CZID
bacteria,Ehrlichia muris,35795,CZID
bacteria,Eikenella corrodens,539,CZID
bacteria,Elizabethkingia anophelis,1117645,CZID
bacteria,Elizabethkingia meningoseptica,238,CZID
bacteria,Enterobacter cloacae,550,CZID
bacteria,Enterococcus avium,33945,CZID
bacteria,Enterococcus faecalis,1351,CZID
bacteria,Enterococcus faecium,1352,CZID
bacteria,Enterococcus gallinarum,1353,CZID
bacteria,Erysipelothrix rhusiopathiae,1648,CZID
bacteria,Escherichia coli,562,CZID
bacteria,Finegoldia magna,1260,CZID
bacteria,Francisella tularensis,263,CZID
bacteria,Fusobacterium necrophorum,859,CZID
bacteria,Fusobacterium nucleatum,851,CZID
bacteria,Gardnerella vaginalis,2702,CZID
bacteria,Haemophilus aegyptius,197575,CZID
bacteria,Haemophilus influenzae,727,CZID
bacteria,Haemophilus parainfluenzae,729,CZID
bacteria,Helicobacter pylori,210,CZID
bacteria,Kingella denitrificans,502,CZID
bacteria,Kingella kingae,504,CZID
bacteria,Klebsiella aerogenes,548,CZID
bacteria,Klebsiella granulomatis,39824,CZID
bacteria,Klebsiella oxytoca,571,CZID
bacteria,Klebsiella pneumoniae,573,CZID
bacteria,Legionella bozemanae,447,CZID
bacteria,Legionella micdadei,451,CZID
bacteria,Legionella pneumophila,446,CZID
bacteria,Leptospira alexanderi,100053,CZID
bacteria,Leptospira alstonii,28452,CZID
bacteria,Leptospira borgpetersenii,174,CZID
bacteria,Leptospira interrogans,173,CZID
bacteria,Leptospira kirschneri,29507,CZID
bacteria,Leptospira kmetyi,408139,CZID
bacteria,Leptospira mayottensis,1137606,CZID
bacteria,Leptospira noguchii,28182,CZID
bacteria,Leptospira santarosai,28183,CZID
bacteria,Leptospira weilii,28184,CZID
bacteria,Listeria monocytogenes,1639,CZID
bacteria,Malacoplasma penetrans,28227,CZID
bacteria,Metamycoplasma hominis,2098,CZID
bacteria,Metamycoplasma salivarium,2124,CZID
bacteria,Methylorubrum extorquens,408,CZID
bacteria,Moraxella catarrhalis,480,CZID
bacteria,Moraxella lacunata,477,CZID
bacteria,Moraxella nonliquefaciens,478,CZID
bacteria,Morganella morganii,582,CZID
bacteria,Mycobacterium avium,1764,CZID
bacteria,Mycobacterium intracellulare,1767,CZID
bacteria,Mycobacterium kansasii,1768,CZID
bacteria,Mycobacterium leprae,1769,CZID
bacteria,Mycobacterium lepromatosis,480418,CZID
bacteria,Mycobacterium malmoense,1780,CZID
bacteria,Mycobacterium marinum,1781,CZID
bacteria,Mycobacterium scrofulaceum,1783,CZID
bacteria,Mycobacterium simiae,1784,CZID
bacteria,Mycobacterium szulgai,1787,CZID
bacteria,Mycobacterium tuberculosis,1773,CZID
bacteria,Mycobacterium ulcerans,1809,CZID
bacteria,Mycobacterium xenopi,1789,CZID
bacteria,Mycobacteroides abscessus,36809,CZID
bacteria,Mycobacteroides chelonae,1774,CZID
bacteria,Mycolicibacter terrae,1788,CZID
bacteria,Mycolicibacterium fortuitum,1766,CZID
bacteria,Mycolicibacterium smegmatis,1772,CZID
bacteria,Mycolicibacterium wolinskyi,59750,CZID
bacteria,Mycoplasmoides genitalium,2097,CZID
bacteria,Mycoplasmoides pneumoniae,2104,CZID
bacteria,Mycoplasmopsis caviae,55603,CZID
bacteria,Mycoplasmopsis fermentans,2115,CZID
bacteria,Neisseria gonorrhoeae,485,CZID
bacteria,Neisseria meningitidis,487,CZID
bacteria,Neorickettsia sennetsu,951,CZID
bacteria,Nocardia asteroides,1824,CZID
bacteria,Nocardia brasiliensis,37326,CZID
bacteria,Nocardia farcinica,37329,CZID
bacteria,Nocardia nova,37330,CZID
bacteria,Nocardia otitidiscaviarum,1823,CZID
bacteria,Orientia tsutsugamushi,784,CZID
bacteria,Paraclostridium bifermentans,1490,CZID
bacteria,Parvimonas micra,33033,CZID
bacteria,Pasteurella multocida,747,CZID
bacteria,Peptoniphilus asaccharolyticus,1258,CZID
bacteria,Peptostreptococcus anaerobius,1261,CZID
bacteria,Photobacterium damselae,38293,CZID
bacteria,Plesiomonas shigelloides,703,CZID
bacteria,Porphyromonas gingivalis,837,CZID
bacteria,Prescottella equi,43767,CZID
bacteria,Prevotella bivia,28125,CZID
bacteria,Prevotella intermedia,28131,CZID
bacteria,Prevotella melaninogenica,28132,CZID
bacteria,Proteus mirabilis,584,CZID
bacteria,Proteus penneri,102862,CZID
bacteria,Proteus vulgaris,585,CZID
bacteria,Providencia alcalifaciens,126385,CZID
bacteria,Providencia rettgeri,587,CZID
bacteria,Pseudomonas aeruginosa,287,CZID
bacteria,Pseudomonas fluorescens,294,CZID
bacteria,Pseudomonas putida,303,CZID
bacteria,Ralstonia pickettii,329,CZID
bacteria,Rickettsia africae,35788,CZID
bacteria,Rickettsia akari,786,CZID
bacteria,Rickettsia australis,787,CZID
bacteria,Rickettsia canadensis,788,CZID
bacteria,Rickettsia conorii,781,CZID
bacteria,Rickettsia felis,42862,CZID
bacteria,Rickettsia helvetica,35789,CZID
bacteria,Rickettsia honei,37816,CZID
bacteria,Rickettsia japonica,35790,CZID
bacteria,Rickettsia montanensis,33991,CZID
bacteria,Rickettsia parkeri,35792,CZID
bacteria,Rickettsia prowazekii,782,CZID
bacteria,Rickettsia rickettsii,783,CZID
bacteria,Rickettsia sibirica,35793,CZID
bacteria,Rickettsia typhi,785,CZID
bacteria,Rothia dentocariosa,2047,CZID
bacteria,Salmonella bongori,54736,CZID
bacteria,Salmonella enterica,28901,CZID
bacteria,Serratia marcescens,615,CZID
bacteria,Shewanella algae,38313,CZID
bacteria,Shigella boydii,621,CZID
bacteria,Shigella dysenteriae,622,CZID
bacteria,Shigella flexneri,623,CZID
bacteria,Shigella sonnei,624,CZID
bacteria,Staphylococcus aureus,1280,CZID
bacteria,Staphylococcus capitis,29388,CZID
bacteria,Staphylococcus epidermidis,1282,CZID
bacteria,Staphylococcus haemolyticus,1283,CZID
bacteria,Staphylococcus lugdunensis,28035,CZID
bacteria,Staphylococcus pseudintermedius,283734,CZID
bacteria,Staphylococcus saccharolyticus,33028,CZID
bacteria,Staphylococcus saprophyticus,29385,CZID
bacteria,Stenotrophomonas maltophilia,40324,CZID
bacteria,Streptobacillus moniliformis,34105,CZID
bacteria,Streptococcus agalactiae,1311,CZID
bacteria,Streptococcus anginosus,1328,CZID
bacteria,Streptococcus criceti,1333,CZID
bacteria,Streptococcus dysgalactiae,1334,CZID
bacteria,Streptococcus equi,1336,CZID
bacteria,Streptococcus equinus,1335,CZID
bacteria,Streptococcus gordonii,1302,CZID
bacteria,Streptococcus iniae,1346,CZID
bacteria,Streptococcus mitis,28037,CZID
bacteria,Streptococcus mutans,1309,CZID
bacteria,Streptococcus oralis,1303,CZID
bacteria,Streptococcus pneumoniae,1313,CZID
bacteria,Streptococcus pyogenes,1314,CZID
bacteria,Streptococcus sanguinis,1305,CZID
bacteria,Streptococcus sobrinus,1310,CZID
bacteria,Streptococcus suis,1307,CZID
bacteria,Suttonella indologenes,13276,CZID
bacteria,Tannerella forsythia,28112,CZID
bacteria,Treponema denticola,158,CZID
bacteria,Treponema pallidum,160,CZID
bacteria,Treponema vincentii,69710,CZID
bacteria,Tropheryma whipplei,2039,CZID
bacteria,Trueperella pyogenes,1661,CZID
bacteria,Ureaplasma parvum,134821,CZID
bacteria,Ureaplasma urealyticum,2130,CZID
bacteria,Vibrio alginolyticus,663,CZID
bacteria,Vibrio cholerae,666,CZID
bacteria,Vibrio parahaemolyticus,670,CZID
bacteria,Vibrio vulnificus,672,CZID
bacteria,Yersinia enterocolitica,630,CZID
bacteria,Yersinia pestis,632,CZID
bacteria,Yersinia pseudotuberculosis,633,CZID
bacteria,[Haemophilus] ducreyi,730,CZID
eukaryota,Acanthamoeba astronyxis,65658,CZID
eukaryota,Acanthamoeba castellanii,5755,CZID
eukaryota,Acanthamoeba culbertsoni,43142,CZID
eukaryota,Acanthamoeba divionensis,202919,CZID
eukaryota,Acanthamoeba hatchetti,65660,CZID
eukaryota,Acanthamoeba lenticulata,29196,CZID
eukaryota,Acanthamoeba lugdunensis,61605,CZID
eukaryota,Acanthamoeba polyphaga,5757,CZID
eukaryota,Acanthamoeba rhysodes,32599,CZID
eukaryota,Adenocephalus pacificus,372152,CZID
eukaryota,Alternaria alternata,5599,CZID
eukaryota,Alternaria brassicicola,29001,CZID
eukaryota,Ancylostoma braziliense,369059,CZID
eukaryota,Ancylostoma caninum,29170,CZID
eukaryota,Ancylostoma ceylanicum,53326,CZID
eukaryota,Ancylostoma duodenale,51022,CZID
eukaryota,Angiostrongylus cantonensis,6313,CZID
eukaryota,Angiostrongylus costaricensis,334426,CZID
eukaryota,Anisakis simplex,6269,CZID
eukaryota,Anncaliia algerae,723287,CZID
eukaryota,Apophysomyces variabilis,760013,CZID
eukaryota,Ascaris lumbricoides,6252,CZID
eukaryota,Ascaris suum,6253,CZID
eukaryota,Aspergillus flavus,5059,CZID
eukaryota,Aspergillus fumigatus,746128,CZID
eukaryota,Aspergillus nidulans,162425,CZID
eukaryota,Aspergillus niger,5061,CZID
eukaryota,Aspergillus terreus,33178,CZID
eukaryota,Babesia divergens,32595,CZID
eukaryota,Babesia duncani,323732,CZID
eukaryota,Babesia microti,5868,CZID
eukaryota,Babesia sp. venatorum,171411,CZID
eukaryota,Balamuthia mandrillaris,66527,CZID
eukaryota,Basidiobolus ranarum,34480,CZID
eukaryota,Baylisascaris procyonis,6259,CZID
eukaryota,Bertiella mucronata,2817671,CZID
eukaryota,Bertiella studeri,578852,CZID
eukaryota,Blastocystis hominis,12968,CZID
eukaryota,Blastomyces dermatitidis,5039,CZID
eukaryota,Blastomyces gilchristii,1681229,CZID
eukaryota,Blastomyces helicus,465036,CZID
eukaryota,Brugia malayi,6279,CZID
eukaryota,Brugia pahangi,6280,CZID
eukaryota,Brugia timori,42155,CZID
eukaryota,Candida albicans,5476,CZID
eukaryota,Candida dubliniensis,42374,CZID
eukaryota,Candida parapsilosis,5480,CZID
eukaryota,Candida tropicalis,5482,CZID
eukaryota,Capillaria hepatica,1239592,CZID
eukaryota,Chrysomya bezziana,69364,CZID
eukaryota,Cladophialophora bantiana,89940,CZID
eukaryota,Cladophialophora boppii,82106,CZID
eukaryota,Cladophialophora carrionii,86049,CZID
eukaryota,Clavispora lusitaniae,36911,CZID
eukaryota,Clinostomum complanatum,235145,CZID
eukaryota,Clonorchis sinensis,79923,CZID
eukaryota,Coccidioides immitis,5501,CZID
eukaryota,Coccidioides posadasii,199306,CZID
eukaryota,Cochliomyia hominivorax,115425,CZID
eukaryota,Colletotrichum coccodes,27358,CZID
eukaryota,Colletotrichum gloeosporioides,474922,CZID
eukaryota,Conidiobolus coronatus,34488,CZID
eukaryota,Conidiobolus incongruus,90249,CZID
eukaryota,Contracaecum osculatum,106324,CZID
eukaryota,Cryptococcus gattii,37769,CZID
eukaryota,Cryptococcus neoformans,5207,CZID
eukaryota,Cryptosporidium hominis,237895,CZID
eukaryota,Cryptosporidium parvum,5807,CZID
eukaryota,Curvularia australiensis,91365,CZID
eukaryota,Curvularia hawaiiensis,1230527,CZID
eukaryota,Curvularia lunata,5503,CZID
eukaryota,Curvularia papendorfii,1537989,CZID
eukaryota,Curvularia spicifera,145392,CZID
eukaryota,Cyclospora cayetanensis,88456,CZID
eukaryota,Cystoisospora belli,482538,CZID
eukaryota,Dermanyssus gallinae,34641,CZID
eukaryota,Dermatobia hominis,115427,CZID
eukaryota,Dicrocoelium dendriticum,57078,CZID
eukaryota,Dientamoeba fragilis,43352,CZID
eukaryota,Dioctophyme renale,513045,CZID
eukaryota,Diphyllobothrium latum,60516,CZID
eukaryota,Dirofilaria immitis,6287,CZID
eukaryota,Dirofilaria repens,31241,CZID
eukaryota,Dracunculus medinensis,318479,CZID
eukaryota,Echinococcus granulosus,6210,CZID
eukaryota,Echinococcus multilocularis,6211,CZID
eukaryota,Echinococcus oligarthrus,6212,CZID
eukaryota,Echinococcus vogeli,6213,CZID
eukaryota,Echinolaelaps echidninus,2759148,CZID
eukaryota,Emmonsia crescens,73230,CZID
eukaryota,Encephalitozoon cuniculi,6035,CZID
eukaryota,Encephalitozoon hellem,27973,CZID
eukaryota,Encephalitozoon intestinalis,58839,CZID
eukaryota,Entamoeba histolytica,5759,CZID
eukaryota,Enterobius vermicularis,51028,CZID
eukaryota,Enterocytozoon bieneusi,31281,CZID
eukaryota,Epidermophyton floccosum,34391,CZID
eukaryota,Exophiala dermatitidis,5970,CZID
eukaryota,Fasciola gigantica,46835,CZID
eukaryota,Fasciola hepatica,6192,CZID
eukaryota,Fasciolopsis buski,27845,CZID
eukaryota,Fonsecaea compacta,86057,CZID
eukaryota,Fonsecaea pedrosoi,40355,CZID
eukaryota,Fusarium fujikuroi,5127,CZID
eukaryota,Fusarium oxysporum,5507,CZID
eukaryota,Fusarium solani,169388,CZID
eukaryota,Giardia intestinalis,5741,CZID
eukaryota,Gnathostoma hispidum,279404,CZID
eukaryota,Gnathostoma spinigerum,75299,CZID
eukaryota,Halicephalobus gingivalis,114868,CZID
eukaryota,Heterophyes heterophyes,1849833,CZID
eukaryota,Histoplasma capsulatum,5037,CZID
eukaryota,Hymenolepis diminuta,6216,CZID
eukaryota,Leishmania aethiopica,5667,CZID
eukaryota,Leishmania amazonensis,5659,CZID
eukaryota,Leishmania braziliensis,5660,CZID
eukaryota,Leishmania chagasi,44271,CZID
eukaryota,Leishmania colombiensis,93413,CZID
eukaryota,Leishmania donovani,5661,CZID
eukaryota,Leishmania guyanensis,5670,CZID
eukaryota,Leishmania infantum,5671,CZID
eukaryota,Leishmania major,5664,CZID
eukaryota,Leishmania martiniquensis,1580590,CZID
eukaryota,Leishmania mexicana,5665,CZID
eukaryota,Leishmania naiffi,5678,CZID
eukaryota,Leishmania panamensis,5679,CZID
eukaryota,Leishmania peruviana,5681,CZID
eukaryota,Leishmania tropica,5666,CZID
eukaryota,Lichtheimia corymbifera,42458,CZID
eukaryota,Lichtheimia ramosa,688394,CZID
eukaryota,Linguatula serrata,646052,CZID
eukaryota,Loa loa,7209,CZID
eukaryota,Lomentospora prolificans,41688,CZID
eukaryota,Madurella mycetomatis,100816,CZID
eukaryota,Mansonella ozzardi,122354,CZID
eukaryota,Mansonella perstans,42231,CZID
eukaryota,Mansonella streptocerca,1761664,CZID
eukaryota,Metagonimus yokogawai,84529,CZID
eukaryota,Moniliformis moniliformis,10237,CZID
eukaryota,Mucor circinelloides,36080,CZID
eukaryota,Naegleria fowleri,5763,CZID
eukaryota,Nakaseomyces glabratus,5478,CZID
eukaryota,Necator americanus,51031,CZID
eukaryota,Neobalantidium coli,71585,CZID
eukaryota,Onchocerca volvulus,6282,CZID
eukaryota,Opisthorchis felineus,147828,CZID
eukaryota,Opisthorchis sinensis,41765,CZID
eukaryota,Opisthorchis viverrini,6198,CZID
eukaryota,Ornithonyssus bacoti,480692,CZID
eukaryota,Ornithonyssus bursa,663933,CZID
eukaryota,Ornithonyssus sylviarum,224536,CZID
eukaryota,Paracapillaria philippinensis,1457282,CZID
eukaryota,Paracoccidioides brasiliensis,121759,CZID
eukaryota,Paragonimus africanus,434055,CZID
eukaryota,Paragonimus heterotremus,100268,CZID
eukaryota,Paragonimus kellicotti,100269,CZID
eukaryota,Paragonimus mexicanus,100270,CZID
eukaryota,Paragonimus siamensis,100271,CZID
eukaryota,Paragonimus skrjabini,59630,CZID
eukaryota,Paragonimus uterobilateralis,2912759,CZID
eukaryota,Paragonimus westermani,34504,CZID
eukaryota,Pediculus humanus,121225,CZID
eukaryota,Phialophora verrucosa,39412,CZID
eukaryota,Pichia kudriavzevii,4909,CZID
eukaryota,Plasmodium falciparum,5833,CZID
eukaryota,Plasmodium knowlesi,5850,CZID
eukaryota,Plasmodium malariae,5858,CZID
eukaryota,Plasmodium ovale,36330,CZID
eukaryota,Plasmodium vivax,5855,CZID
eukaryota,Pneumocystis jirovecii,42068,CZID
eukaryota,Pseudoterranova decipiens,6271,CZID
eukaryota,Pthirus pubis,121228,CZID
eukaryota,Pythium insidiosum,114742,CZID
eukaryota,Rhinocladiella mackenziei,86056,CZID
eukaryota,Rhinosporidium seeberi,90339,CZID
eukaryota,Rhizomucor pusillus,4840,CZID
eukaryota,Rhizopus arrhizus,64495,CZID
eukaryota,Rhizopus microsporus,58291,CZID
eukaryota,Rodentolepis nana,102285,CZID
eukaryota,Saccharomyces cerevisiae,4932,CZID
eukaryota,Saksenaea erythrospora,931868,CZID
eukaryota,Saksenaea vasiformis,90258,CZID
eukaryota,Sappinia diploidea,343529,CZID
eukaryota,Sappinia pedata,472956,CZID
eukaryota,Sarcocystis hominis,61650,CZID
eukaryota,Sarcocystis suihominis,102713,CZID
eukaryota,Sarcoptes scabiei,52283,CZID
eukaryota,Scedosporium apiospermum,563466,CZID
eukaryota,Scedosporium boydii,5597,CZID
eukaryota,Schistosoma guineensis,393876,CZID
eukaryota,Schistosoma haematobium,6185,CZID
eukaryota,Schistosoma intercalatum,6187,CZID
eukaryota,Schistosoma japonicum,6182,CZID
eukaryota,Schistosoma malayensis,53353,CZID
eukaryota,Schistosoma mansoni,6183,CZID
eukaryota,Schistosoma mekongi,38744,CZID
eukaryota,Scopulariopsis brevicaulis,561152,CZID
eukaryota,Spirometra erinaceieuropaei,99802,CZID
eukaryota,Sporothrix schenckii,29908,CZID
eukaryota,Strongyloides stercoralis,6248,CZID
eukaryota,Taenia multiceps,94034,CZID
eukaryota,Taenia saginata,6206,CZID
eukaryota,Taenia solium,6204,CZID
eukaryota,Talaromyces marneffei,37727,CZID
eukaryota,Thelazia callipaeda,103827,CZID
eukaryota,Toxocara canis,6265,CZID
eukaryota,Toxocara cati,6266,CZID
eukaryota,Toxoplasma gondii,5811,CZID
eukaryota,Trachipleistophora hominis,72359,CZID
eukaryota,Trematosphaeria grisea,1489895,CZID
eukaryota,Trichinella britovi,45882,CZID
eukaryota,Trichinella nativa,6335,CZID
eukaryota,Trichinella nelsoni,6336,CZID
eukaryota,Trichinella pseudospiralis,6337,CZID
eukaryota,Trichinella spiralis,6334,CZID
eukaryota,Trichomonas vaginalis,5722,CZID
eukaryota,Trichophyton rubrum,5551,CZID
eukaryota,Trichuris trichiura,36087,CZID
eukaryota,Trichuris vulpis,219738,CZID
eukaryota,Trypanosoma brucei,5691,CZID
eukaryota,Trypanosoma cruzi,5693,CZID
eukaryota,Tubulinosema acridophagus,307626,CZID
eukaryota,Tunga penetrans,214035,CZID
eukaryota,Uncinaria stenocephala,125367,CZID
eukaryota,Vittaforma corneae,42399,CZID
eukaryota,Wuchereria bancrofti,6293,CZID
eukaryota,[Candida] auris,498019,CZID
viruses,Aichivirus A,72149,CZID
viruses,Akhmeta virus,2200830,CZID
viruses,Alphainfluenzavirus influenzae,11320,CZID
viruses,Alphainfluenzavirus influenzae,2955291,CZID
viruses,Alphapapillomavirus 4,337043,CZID
viruses,Alphapapillomavirus 7,337042,CZID
viruses,Alphapapillomavirus 9,337041,CZID
viruses,Alphapolyomavirus octihominis,862909,CZID
viruses,Alphapolyomavirus octihominis,1891727,CZID
viruses,Alphapolyomavirus quintihominis,493803,CZID
viruses,Alphapolyomavirus quintihominis,1891726,CZID
viruses,Bandavirus bhanjanagarense,1213620,CZID
viruses,Bandavirus bhanjanagarense,3051989,CZID
viruses,Bandavirus dabieense,2748958,CZID
viruses,Banna virus,77763,CZID
viruses,Barmah Forest virus,11020,CZID
viruses,Bayou orthohantavirus,1980459,CZID
viruses,Betacoronavirus 1,694003,CZID
viruses,Betainfluenzavirus influenzae,11520,CZID
viruses,Betainfluenzavirus influenzae,2955465,CZID
viruses,Betapolyomavirus hominis,1891762,CZID
viruses,Betapolyomavirus quartihominis,1891765,CZID
viruses,Betapolyomavirus secuhominis,1891763,CZID
viruses,Bhanja bandavirus,2734423,CZID
viruses,Black Creek Canal orthohantavirus,1980460,CZID
viruses,Borna disease virus,12455,CZID
viruses,Bufavirus-3,1391667,CZID
viruses,Bunyamwera orthobunyavirus,1933179,CZID
viruses,Bwamba orthobunyavirus,35310,CZID
viruses,Cache Valley orthobunyavirus,2560364,CZID
viruses,Cali mammarenavirus,2169993,CZID
viruses,California encephalitis orthobunyavirus,1933264,CZID
viruses,Cardiovirus A,1821749,CZID
viruses,Chapare mammarenavirus,499556,CZID
viruses,Chikungunya virus,37124,CZID
viruses,Colorado tick fever coltivirus,46839,CZID
viruses,Colorado tick fever coltivirus,2748762,CZID
viruses,Cowpox virus,10243,CZID
viruses,Coxsackievirus,12066,CZID
viruses,Crimean-Congo hemorrhagic fever orthonairovirus,1980519,CZID
viruses,Cytomegalovirus humanbeta5,10359,CZID
viruses,Cytomegalovirus humanbeta5,3050295,CZID
viruses,Deltapolyomavirus decihominis,1203539,CZID
viruses,Deltapolyomavirus decihominis,1208309,CZID
viruses,Dobrava-Belgrade orthohantavirus,1980467,CZID
viruses,Dugbe orthonairovirus,1980521,CZID
viruses,Eastern equine encephalitis virus,11021,CZID
viruses,Echovirus,33758,CZID
viruses,Enterovirus A,138948,CZID
viruses,Enterovirus B,138949,CZID
viruses,Enterovirus C,138950,CZID
viruses,Enterovirus D,138951,CZID
viruses,Erythroparvovirus primate1,3052189,CZID
viruses,European bat lyssavirus,38768,CZID
viruses,Everglades virus,2083198,CZID
viruses,Gammainfluenzavirus influenzae,11552,CZID
viruses,Gammainfluenzavirus influenzae,2955935,CZID
viruses,Guanarito mammarenavirus,45219,CZID
viruses,Guaroa orthobunyavirus,1933274,CZID
viruses,Hantaan orthohantavirus,1980471,CZID
viruses,Heartland bandavirus,2747342,CZID
viruses,Hendra henipavirus,63330,CZID
viruses,Hepacivirus C,11103,CZID
viruses,Hepatitis B virus,10407,CZID
viruses,Hepatitis delta virus,12475,CZID
viruses,Hepatovirus A,12092,CZID
viruses,Huaiyangshan banyangvirus,2509281,CZID
viruses,Human adenovirus sp.,1907210,CZID
viruses,Human astrovirus,1868658,CZID
viruses,Human betaherpesvirus 6,10368,CZID
viruses,Human bocavirus,329641,CZID
viruses,Human coronavirus 229E,11137,CZID
viruses,Human coronavirus HKU1,290028,CZID
viruses,Human coronavirus NL63,277944,CZID
viruses,Human immunodeficiency virus,12721,CZID
viruses,Human mastadenovirus A,129875,CZID
viruses,Human mastadenovirus B,108098,CZID
viruses,Human mastadenovirus C,129951,CZID
viruses,Human mastadenovirus D,130310,CZID
viruses,Human mastadenovirus F,130309,CZID
viruses,Human parechovirus,195054,CZID
viruses,Human rhinovirus sp.,169066,CZID
viruses,Human torovirus,67605,CZID
viruses,Ilesha orthobunyavirus,2560528,CZID
viruses,Jamestown Canyon orthobunyavirus,2560532,CZID
viruses,La Crosse orthobunyavirus,2560547,CZID
viruses,Lassa mammarenavirus,11620,CZID
viruses,Lujo mammarenavirus,649188,CZID
viruses,Lymphocryptovirus humangamma4,10376,CZID
viruses,Lymphocryptovirus humangamma4,3050299,CZID
viruses,Lymphocytic choriomeningitis mammarenavirus,11623,CZID
viruses,Lyssavirus australis,90961,CZID
viruses,Lyssavirus duvenhage,38767,CZID
viruses,Lyssavirus mokola,12538,CZID
viruses,Lyssavirus rabies,11292,CZID
viruses,Machupo mammarenavirus,11628,CZID
viruses,Mammalian orthoreovirus,351073,CZID
viruses,Mammalian rubulavirus 5,1979162,CZID
viruses,Mammarenavirus brazilense,3052299,CZID
viruses,Mammarenavirus juninense,2169991,CZID
viruses,Marburg marburgvirus,11269,CZID
viruses,Mayaro virus,59301,CZID
viruses,Metapneumovirus hominis,162145,CZID
viruses,Metapneumovirus hominis,3048148,CZID
viruses,Middelburg virus,11023,CZID
viruses,Middle East respiratory syndrome-related coronavirus,1335626,CZID
viruses,Molluscum contagiosum virus,10279,CZID
viruses,Monkeypox virus,10244,CZID
viruses,Morbillivirus hominis,11234,CZID
viruses,Morbillivirus hominis,3052345,CZID
viruses,Mucambo virus,60875,CZID
viruses,Mumps rubulavirus,1979165,CZID
viruses,Mupapillomavirus 1,334203,CZID
viruses,Nairobi sheep disease orthonairovirus,1980526,CZID
viruses,Naples phlebovirus,2747931,CZID
viruses,Nipah henipavirus,121791,CZID
viruses,Norwalk virus,11983,CZID
viruses,Onyong-nyong virus,2169701,CZID
viruses,Orf virus,10258,CZID
viruses,Oropouche orthobunyavirus,1933309,CZID
viruses,Orthoavulavirus javaense,2560319,CZID
viruses,Orthoavulavirus javaense,3051375,CZID
viruses,Orthobunyavirus bunyamweraense,3052381,CZID
viruses,Orthobunyavirus cacheense,3052385,CZID
viruses,Orthobunyavirus guaroaense,3052397,CZID
viruses,Orthobunyavirus ileshaense,3052399,CZID
viruses,Orthobunyavirus khatangaense,3052407,CZID
viruses,Orthobunyavirus lacrosseense,3052409,CZID
viruses,Orthobunyavirus oropoucheense,3052429,CZID
viruses,Orthoebolavirus bundibugyoense,565995,CZID
viruses,Orthoebolavirus bundibugyoense,3052458,CZID
viruses,Orthoebolavirus sudanense,186540,CZID
viruses,Orthoebolavirus sudanense,3052460,CZID
viruses,Orthoebolavirus zairense,186538,CZID
viruses,Orthoebolavirus zairense,3052462,CZID
viruses,Orthoflavivirus denguei,12637,CZID
viruses,Orthoflavivirus denguei,3052464,CZID
viruses,Orthoflavivirus encephalitidis,11084,CZID
viruses,Orthoflavivirus encephalitidis,3052465,CZID
viruses,Orthoflavivirus flavi,11089,CZID
viruses,Orthoflavivirus flavi,3046277,CZID
viruses,Orthoflavivirus ilheusense,59563,CZID
viruses,Orthoflavivirus ilheusense,3052466,CZID
viruses,Orthoflavivirus japonicum,11072,CZID
viruses,Orthoflavivirus japonicum,3048158,CZID
viruses,Orthoflavivirus kyasanurense,33743,CZID
viruses,Orthoflavivirus kyasanurense,3048170,CZID
viruses,Orthoflavivirus louisense,11080,CZID
viruses,Orthoflavivirus louisense,3052468,CZID
viruses,Orthoflavivirus loupingi,11086,CZID
viruses,Orthoflavivirus loupingi,3048184,CZID
viruses,Orthoflavivirus murrayense,11079,CZID
viruses,Orthoflavivirus murrayense,3048215,CZID
viruses,Orthoflavivirus nilense,11082,CZID
viruses,Orthoflavivirus nilense,3048448,CZID
viruses,Orthoflavivirus omskense,12542,CZID
viruses,Orthoflavivirus omskense,3048233,CZID
viruses,Orthoflavivirus powassanense,11083,CZID
viruses,Orthoflavivirus powassanense,3048287,CZID
viruses,Orthoflavivirus wesselsbronense,164416,CZID
viruses,Orthoflavivirus wesselsbronense,3048447,CZID
viruses,Orthoflavivirus zikaense,64320,CZID
viruses,Orthoflavivirus zikaense,3048459,CZID
viruses,Orthohantavirus andesense,1980456,CZID
viruses,Orthohantavirus sinnombreense,44755,CZID
viruses,Orthohantavirus sinnombreense,3052499,CZID
viruses,Orthonairovirus nairobiense,3052529,CZID
viruses,Orthopneumovirus hominis,11250,CZID
viruses,Orthopneumovirus hominis,3049954,CZID
viruses,Orthorubulavirus hominis,2560526,CZID
viruses,Orthorubulavirus hominis,3052556,CZID
viruses,Orthorubulavirus laryngotracheitidis,2560525,CZID
viruses,Orthorubulavirus laryngotracheitidis,3052557,CZID
viruses,Orungo virus,40058,CZID
viruses,Parechovirus A,1803956,CZID
viruses,Parechovirus B,1803957,CZID
viruses,Paslahepevirus balayani,1678143,CZID
viruses,Pegivirus C,1985356,CZID
viruses,Pegivirus hominis,3052608,CZID
viruses,Phlebovirus napoliense,3052666,CZID
viruses,Phlebovirus riftense,3052676,CZID
viruses,Phlebovirus siciliaense,28292,CZID
viruses,Phlebovirus siciliaense,3052681,CZID
viruses,Phlebovirus toscanaense,3052686,CZID
viruses,Primate T-lymphotropic virus 1,194440,CZID
viruses,Primate T-lymphotropic virus 2,194441,CZID
viruses,Primate erythroparvovirus 1,1511900,CZID
viruses,Pseudocowpox virus,129726,CZID
viruses,Punta Toro phlebovirus,1933186,CZID
viruses,Puumala orthohantavirus,1980486,CZID
viruses,Respirovirus laryngotracheitidis,12730,CZID
viruses,Respirovirus laryngotracheitidis,3049952,CZID
viruses,Respirovirus pneumoniae,11216,CZID
viruses,Respirovirus pneumoniae,3049953,CZID
viruses,Rhadinovirus humangamma8,37296,CZID
viruses,Rhadinovirus humangamma8,3050300,CZID
viruses,Rhinovirus A,147711,CZID
viruses,Rhinovirus C,463676,CZID
viruses,Rift Valley fever phlebovirus,1933187,CZID
viruses,Rosavirus A,1511805,CZID
viruses,Roseolovirus humanbeta6a,32603,CZID
viruses,Roseolovirus humanbeta6a,3050296,CZID
viruses,Roseolovirus humanbeta6b,32604,CZID
viruses,Roseolovirus humanbeta6b,3050297,CZID
viruses,Roseolovirus humanbeta7,10372,CZID
viruses,Roseolovirus humanbeta7,3050298,CZID
viruses,Ross River virus,11029,CZID
viruses,Rotavirus A,28875,CZID
viruses,Rotavirus B,28876,CZID
viruses,Rotavirus C,36427,CZID
viruses,Rubivirus rubellae,11041,CZID
viruses,Rubivirus rubellae,2846071,CZID
viruses,Russian Spring-Summer encephalitis virus,64316,CZID
viruses,Salivirus A,1330524,CZID
viruses,Sandfly fever Naples phlebovirus,1933189,CZID
viruses,Sapporo virus,95342,CZID
viruses,Semliki Forest virus,11033,CZID
viruses,Seoul orthohantavirus,1980490,CZID
viruses,Severe acute respiratory syndrome-related coronavirus,694009,CZID
viruses,Sicilian phlebovirus,2734473,CZID
viruses,Simplexvirus humanalpha1,10298,CZID
viruses,Simplexvirus humanalpha1,3050292,CZID
viruses,Simplexvirus humanalpha2,10310,CZID
viruses,Simplexvirus humanalpha2,3050293,CZID
viruses,Simplexvirus macacinealpha1,10325,CZID
viruses,Simplexvirus macacinealpha1,3050305,CZID
viruses,Sin Nombre orthohantavirus,1980491,CZID
viruses,Sindbis virus,11034,CZID
viruses,Snowshoe hare orthobunyavirus,2560767,CZID
viruses,Spondweni virus,64318,CZID
viruses,Tanapox virus,99000,CZID
viruses,Thogotovirus bourbonense,1618189,CZID
viruses,Thogotovirus bourbonense,2956523,CZID
viruses,Thogotovirus dhoriense,11318,CZID
viruses,Tonate virus,60877,CZID
viruses,Toscana phlebovirus,2734478,CZID
viruses,Uukuniemi phlebovirus,1933191,CZID
viruses,Uukuniemi uukuvirus,2749936,CZID
viruses,Uukuvirus uukuniemiense,3052811,CZID
viruses,Vaccinia virus,10245,CZID
viruses,Varicellovirus humanalpha3,10335,CZID
viruses,Varicellovirus humanalpha3,3050294,CZID
viruses,Variola virus,10255,CZID
viruses,Venezuelan equine encephalitis virus,11036,CZID
viruses,Vesicular stomatitis virus,11276,CZID
viruses,Vesiculovirus chandipura,1972576,CZID
viruses,Vesiculovirus isfahan,1972573,CZID
viruses,Western equine encephalitis virus,11039,CZID
viruses,Whitewater Arroyo mammarenavirus,46919,CZID
viruses,Yaba monkey tumor virus,38804,CZID
viruses,unidentified human coronavirus,694448,CZID
bacteria,Achromobacter denitrificans,32002,RPIP
bacteria,Acinetobacter lwoffii,28090,RPIP
bacteria,Acinetobacter nosocomialis,106654,RPIP
bacteria,Acinetobacter pittii,48296,RPIP
bacteria,Actinomyces graevenitzii,55565,RPIP
bacteria,Actinomyces meyeri,52773,RPIP
bacteria,Aeromonas sobria,646,RPIP
bacteria,Bacillus thuringiensis,1428,RPIP
bacteria,Bacteroides fragilis,817,RPIP
bacteria,Bordetella hinzii,103855,RPIP
bacteria,Bordetella holmesii,35814,RPIP
bacteria,Bordetella petrii,94624,RPIP
bacteria,Brevibacillus laterosporus,1465,CZID
bacteria,Brucella anthropi,529,RPIP
bacteria,Burkholderia cepacia complex,87882,RPIP
bacteria,Burkholderia gladioli,28095,RPIP
bacteria,Burkholderia glumae,337,RPIP
bacteria,Burkholderia thailandensis,57975,RPIP
bacteria,Campylobacter concisus,199,RPIP
bacteria,Capnocytophaga gingivalis,1017,RPIP
bacteria,Capnocytophaga leadbetteri,327575,RPIP
bacteria,Capnocytophaga sputigena,1019,RPIP
bacteria,Cardiobacterium valvarum,194702,RPIP
bacteria,Chromobacterium violaceum,536,RPIP
bacteria,Citrobacter koseri,545,RPIP
bacteria,Corynebacterium jeikeium,38289,RPIP
bacteria,Corynebacterium propinquum,43769,RPIP
bacteria,Corynebacterium pseudodiphtheriticum,37637,RPIP
bacteria,Corynebacterium pseudotuberculosis,1719,RPIP
bacteria,Delftia acidovorans,80866,RPIP
bacteria,Dialister pneumosintes,39950,RPIP
bacteria,Dolosigranulum pigrum,29394,RPIP
bacteria,Enterobacter cloacae complex,354276,RPIP
bacteria,Eubacterium brachy,35517,RPIP
bacteria,Eubacterium limosum,1736,RPIP
bacteria,Eubacterium nodatum,35518,RPIP
bacteria,Gemella haemolysans,1379,RPIP
bacteria,Gemella morbillorum,29391,RPIP
bacteria,Gordonia araii,263909,RPIP
bacteria,Gordonia bronchialis,2054,RPIP
bacteria,Haemophilus haemolyticus,726,RPIP
bacteria,Haemophilus parahaemolyticus,735,RPIP
bacteria,Haemophilus pittmaniae,249188,RPIP
bacteria,Hafnia alvei,569,RPIP
bacteria,Hoylesella pleuritidis,407975,RPIP
bacteria,Klebsiella quasipneumoniae,1463165,RPIP
bacteria,Klebsiella variicola,244366,RPIP
bacteria,Kytococcus sedentarius,1276,RPIP
bacteria,Leclercia adecarboxylata,83655,RPIP
bacteria,Legionella anisa,28082,RPIP
bacteria,Legionella feeleii,453,RPIP
bacteria,Legionella longbeachae,450,RPIP
bacteria,Legionella maceachernii,466,RPIP
bacteria,Legionella wadsworthii,28088,RPIP
bacteria,Leptotrichia buccalis,40542,RPIP
bacteria,Moraxella osloensis,34062,RPIP
bacteria,Mycobacterium avium complex sp.,37162,RPIP
bacteria,Mycobacterium gordonae,1778,RPIP
bacteria,Mycobacterium parascrofulaceum,240125,RPIP
bacteria,Mycobacteroides immunogenum,83262,RPIP
bacteria,Neisseria flavescens,484,RPIP
bacteria,Neisseria lactamica,486,RPIP
bacteria,Neisseria mucosa,488,RPIP
bacteria,Nocardia abscessus,120957,RPIP
bacteria,Nocardia arthritidis,228602,RPIP
bacteria,Nocardia beijingensis,95162,RPIP
bacteria,Nocardia cyriacigeorgica,135487,RPIP
bacteria,Nocardia transvalensis,37333,RPIP
bacteria,Nocardia veterana,132249,RPIP
bacteria,Pandoraea pulmonicola,93221,RPIP
bacteria,Pantoea agglomerans,549,RPIP
bacteria,Pediococcus acidilactici,1254,RPIP
bacteria,Prevotella buccae,28126,RPIP
bacteria,Providencia stuartii,588,RPIP
bacteria,Raoultella ornithinolytica,54291,RPIP
bacteria,Raoultella planticola,575,RPIP
bacteria,Rothia mucilaginosa,43675,RPIP
bacteria,Schaalia meyeri,1655,RPIP
bacteria,Schaalia odontolytica,1660,RPIP
bacteria,Shewanella putrefaciens,24,RPIP
bacteria,Slackia exigua,84109,RPIP
bacteria,Sphingomonas paucimobilis,13689,RPIP
bacteria,Streptococcus constellatus,76860,RPIP
bacteria,Streptococcus intermedius,1338,CZID
bacteria,Stutzerimonas stutzeri,316,RPIP
bacteria,Tsukamurella pulmonis,47312,RPIP
bacteria,Tsukamurella tyrosinosolvens,57704,RPIP
bacteria,Veillonella parvula,29466,RPIP
bacteria,Weizmannia coagulans,1398,CZID
bacteria,Williamsia muralis,85044,RPIP
eukaryota,Alternaria infectoria,45303,RPIP
eukaryota,Apophysomyces elegans,90269,RPIP
eukaryota,Aspergillus versicolor,46472,RPIP
eukaryota,Cunninghamella bertholletiae,90251,RPIP
eukaryota,Curvularia geniculata,418126,RPIP
eukaryota,Demodex brevis,574145,CZID
eukaryota,Demodex folliculorum,481310,CZID
eukaryota,Edenia gomezpompae,461172,CZID
eukaryota,Fusarium proliferatum,948311,RPIP
eukaryota,Fusarium verticillioides,117187,RPIP
eukaryota,Microascus cinereus,186339,RPIP
eukaryota,Microascus cirrosus,5595,RPIP
eukaryota,Microascus paisii,1651253,RPIP
eukaryota,Mucor indicus,64623,RPIP
eukaryota,Mucor racemosus,4841,RPIP
eukaryota,Paecilomyces variotii,264951,RPIP
eukaryota,Pogonomyrmex uruguayensis,269704,CZID
eukaryota,Purpureocillium lilacinum,33203,RPIP
eukaryota,Rasamsonia aegroticola,1233418,RPIP
eukaryota,Rasamsonia argillacea,69808,RPIP
eukaryota,Rhizopus azygosporus,86630,RPIP
eukaryota,Sarocladium kiliense,45277,RPIP
eukaryota,Schizophyllum commune,5334,RPIP
eukaryota,Scopulariopsis brumptii,40376,RPIP
eukaryota,Syncephalastrum racemosum,13706,RPIP
eukaryota,Trichosporon asahii,82508,RPIP
viruses,Adeno-associated virus,272636,CZID
viruses,Aichivirus B,194965,VSP
viruses,Aichivirus B3,2919880,VSP
viruses,Aichivirus C,1298633,VSP
viruses,Aichivirus D,1897731,VSP
viruses,Aichivirus E,1986958,VSP
viruses,Aichivirus F,1986959,VSP
viruses,Aichivirus F2,2755032,VSP
viruses,Astrovirus MLB1,568715,VSP
viruses,Astrovirus MLB2,683172,VSP
viruses,Astrovirus SG,767521,VSP
viruses,Astrovirus sp.,178530,VSP
viruses,Astrovirus VA1,645687,VSP
viruses,Astrovirus VA2,683173,VSP
viruses,Astrovirus VA3,683174,VSP
viruses,Astrovirus VA4,1247113,VSP
viruses,Betapolyomavirus tertihominis,1891764,CZID
viruses,Cosavirus A,1330491,CZID
viruses,Coxsackievirus B1,12071,RPIP
viruses,Coxsackievirus B2,82632,RPIP
viruses,Coxsackievirus B3,12072,RPIP
viruses,Coxsackievirus B4,12073,RPIP
viruses,Coxsackievirus B5,12074,RPIP
viruses,Coxsackievirus B6,74561,RPIP
viruses,Cytomegalovirus,10358,RPIP
viruses,Dengue virus type 2,11060,VSP
viruses,Dengue virus type 3,11069,VSP
viruses,Dengue virus type 4,11070,VSP
viruses,dengue virus type I,11053,VSP
viruses,Ebola virus,1570291,VSP
viruses,Enterovirus E,12064,VSP
viruses,Enterovirus F,1330520,VSP
viruses,Enterovirus G,106966,VSP
viruses,Enterovirus H,310907,VSP
viruses,Enterovirus I,2040663,VSP
viruses,Enterovirus J,1330521,VSP
viruses,Enterovirus K,2169884,VSP
viruses,Enterovirus L,2169885,VSP
viruses,Enterovirus A71,39054,RPIP
viruses,Enterovirus D68,42789,RPIP
viruses,Getah virus,59300,CZID
viruses,Orthohantavirus,1980442,VSP
viruses,Heartland banyangvirus,2560519,CZID
viruses,Hepatitis C virus genotype 1,41856,VSP
viruses,Hepatitis C virus genotype 3,356114,VSP
viruses,Hepatitis C virus genotype 4,33745,VSP
viruses,Hepeviridae 1,291484,VSP
viruses,Human bocavirus 1,689403,RPIP
viruses,Human coronavirus OC43,31631,RPIP
viruses,Human immunodeficiency virus 1,11676,VSP
viruses,Human immunodeficiency virus 2,11709,VSP
viruses,Human mastadenovirus E,130308,RPIP
viruses,Human parvovirus B19,10798,RPIP
viruses,Human rubulavirus 2,1979160,CZID
viruses,Human rubulavirus 4,1979161,CZID
viruses,Langat virus,11085,CZID
viruses,Lyssavirus lagos,38766,CZID
viruses,Mammalian orthorubulavirus 5,2560580,RPIP
viruses,Metapneumovirus,162387,VSP
viruses,Mumps orthorubulavirus,2560602,RPIP
viruses,Norovirus,142786,VSP
viruses,Parechovirus,138954,VSP
viruses,Polyomavirus sp.,36362,VSP
viruses,Protoparvovirus,1506574,VSP
viruses,Respiratory syncytial virus type A,1439707,RPIP
viruses,Respiratory syncytial virus type B,1615611,RPIP
viruses,Rhinovirus B,147712,RPIP
viruses,Rift Valley fever virus,11588,VSP
viruses,Sabia virus,2907957,VSP
viruses,Sapovirus,95341,VSP
viruses,Severe acute respiratory syndrome coronavirus,2901879,RPIP
viruses,Severe acute respiratory syndrome coronavirus 2,2697049,RPIP
viruses,Simian foamy virus,11642,CZID
viruses,Tai Forest ebolavirus,186541,CZID
viruses,Torque teno virus,68887,CZID
viruses,Trivittatus orthobunyavirus,2560823,CZID
viruses,unidentified adenovirus,10535,VSP
